<?xml version="1.0"?>
<component>
  <table action="change" old_name="#__com_adressen_copy_1_com_adressen_adres" new_name="#__com_adres" table_name="#__com_adres" storage_engine="" collation="utf8_general_ci">
    <field field_name="id" field_type="INT" field_length="11" is_autoincrement="1" index="primary" description=""/>
    <field field_name="ordering" field_type="INT" field_length="11" index="index" description=""/>
    <field field_name="state" field_type="TINYINT" field_length="1" index="index" description=""/>
    <field field_name="checked_out" field_type="INT" field_length="11" index="index" description=""/>
    <field field_name="checked_out_time" field_type="DATETIME" description=""/>
    <field field_name="created_by" field_type="INT" field_length="11" index="index" description=""/>
    <field action="change" field_name="naam" field_type="VARCHAR" field_length="64" description=""/>
    <field action="add" field_name="alias" field_type="VARCHAR(255) COLLATE utf8_bin" description=""/>
    <field action="change" field_name="adres" field_type="VARCHAR" field_length="64" description=""/>
    <field action="change" field_name="postcode" field_type="VARCHAR" field_length="7" description=""/>
    <field action="change" field_name="plaats" field_type="VARCHAR" field_length="32" description=""/>
    <field action="change" field_name="land" field_type="VARCHAR" field_length="32" description=""/>
    <field field_name="lat" field_type="VARCHAR" field_length="255" description=""/>
    <field field_name="lon" field_type="VARCHAR" field_length="255" description=""/>
    <field action="remove" field_name="omschrijving"/>
  </table>
</component>
